time,cpu_usage,memory_usage,cpu_interrupts,cpu_calls,memory_used,memory_free,bytes_sent,bytes_received,disk_usage,gpu_utilization,gpu_memory,gpu_temperature,power_consumption
2024-09-13 13:39:05.881433,7.9,86.8,587879394,412854871,7126704128,1088356352,4943201,79457315,84.5,,,,
2024-09-13 13:39:26.570861,7.4,86.9,588180209,413025134,7139647488,1075412992,4962831,79463304,84.5,,,,
2024-09-13 13:39:42.358893,8.4,88.4,588461009,413189859,7262818304,952242176,4993712,79489303,84.5,,,,
2024-09-13 13:39:58.114301,7.7,88.6,588731305,413344886,7277613056,937447424,5027387,79532282,84.5,,,,
2024-09-13 13:40:14.842593,2.8,87.9,588822693,413396262,7218647040,996413440,5048656,79587668,84.5,,,,
2024-09-13 13:40:31.527166,5.7,88.9,589005830,413501912,7303811072,911249408,5070650,79615555,84.5,,,,
2024-09-13 13:40:47.226125,5.5,90.1,589215349,413626496,7398268928,816791552,5093152,79646775,84.5,,,,
2024-09-13 13:41:02.927317,13.9,93.3,589531482,413841183,7665438720,549621760,5114503,79667230,84.5,,,,
2024-09-13 13:41:19.720461,7.1,92.9,589707515,413941640,7635238912,579821568,5143755,79720021,84.5,,,,
2024-09-13 13:41:35.438210,10.3,88.5,589922150,414078991,7266816000,948244480,5209516,79761726,84.5,,,,
2024-09-13 13:41:51.163441,8.0,88.7,590114514,414195431,7287853056,927207424,5271522,79792753,84.5,,,,
2024-09-13 13:42:07.894107,6.7,90.4,590256458,414277252,7423762432,791298048,5282479,79812638,84.6,,,,
2024-09-13 13:42:24.598376,6.6,89.0,590422714,414364642,7310909440,904151040,5290091,79821725,84.6,,,,
2024-09-13 13:42:40.287690,8.3,91.0,590630842,414487783,7474614272,740446208,5334713,79867286,84.6,,,,
2024-09-13 13:42:55.985640,7.4,90.8,590845373,414618674,7461638144,753422336,5366227,80263529,84.6,,,,
2024-09-13 13:43:12.723608,10.0,91.1,591160746,414805866,7480729600,734330880,5500674,83143722,84.6,,,,
2024-09-13 13:43:28.424038,5.9,90.7,591302207,414892005,7447728128,767332352,5543077,83269953,84.6,,,,
2024-09-13 13:43:44.181172,7.4,86.4,591459986,414987228,7094198272,1120862208,5549396,83272776,84.6,,,,
2024-09-13 13:44:00.901488,6.6,85.8,591648197,415097290,7045804032,1169256448,5563535,83297908,84.6,,,,
2024-09-13 13:44:17.659456,7.1,86.3,591861659,415219812,7089049600,1126010880,5615083,83326148,84.6,,,,
2024-09-13 13:44:33.363497,8.7,86.9,592158426,415401003,7141003264,1074057216,5647829,84009117,84.6,,,,
2024-09-13 13:44:49.053723,8.0,88.4,592471592,415589439,7259475968,955584512,5689105,85370111,84.6,,,,
2024-09-13 13:45:05.764308,8.8,86.7,592760682,415764290,7125942272,1089118208,5815008,85901747,84.6,,,,
2024-09-13 13:45:21.472654,12.4,87.2,593060950,415950631,7162220544,1052839936,6076694,89963002,84.6,,,,
2024-09-13 13:45:37.146845,8.7,87.3,593313988,416107516,7173988352,1041072128,6230322,98620433,84.6,,,,
2024-09-13 13:45:52.929725,8.1,87.8,593479291,416221174,7215132672,999927808,6257294,99901024,84.6,,,,
2024-09-13 13:46:09.667208,9.5,88.7,593679631,416356554,7283884032,931176448,6267798,99983804,84.6,,,,
2024-09-13 13:46:25.357440,8.2,88.5,593886546,416479316,7270596608,944463872,6466284,100148717,84.6,,,,
2024-09-13 13:46:41.093958,11.1,87.5,594116998,416626806,7190728704,1024331776,6755960,109581669,84.6,,,,
2024-09-13 13:46:57.812093,6.9,88.9,594236176,416698068,7300841472,914219008,6809524,109653300,84.6,,,,
2024-09-13 13:47:13.814125,16.0,88.9,594396466,416798913,7300341760,914718720,6811086,109659591,84.6,,,,
2024-09-13 13:47:30.700898,13.5,88.9,594716802,416965294,7300620288,914440192,6818605,109663526,84.6,,,,
2024-09-13 13:47:46.346518,4.6,88.9,594798512,417012109,7303782400,911278080,6818901,109664930,84.6,,,,
2024-09-13 13:48:02.050203,5.6,88.8,594918500,417084797,7291555840,923504640,6837379,109697303,84.6,,,,
2024-09-13 13:48:18.804897,9.9,89.2,595166095,417233992,7326216192,888844288,6878255,109728966,84.6,,,,
2024-09-13 13:48:34.524736,7.7,92.5,595485458,417429821,7602438144,612622336,7353406,118918427,84.6,,,,
2024-09-13 13:48:50.214339,18.0,86.2,595903382,417691732,7077416960,1137643520,7613648,126206644,84.6,,,,
2024-09-13 13:49:05.951614,7.5,86.9,596118247,417811028,7134990336,1080070144,7678709,126230772,84.6,,,,
2024-09-13 13:49:22.686379,5.5,86.8,596266060,417888485,7129268224,1085792256,7679657,126231587,84.6,,,,
2024-09-13 13:49:38.426462,5.8,86.6,596469455,417991275,7114473472,1100587008,7686099,126249653,84.6,,,,
2024-09-13 13:49:54.152334,7.3,87.0,596690259,418126344,7145209856,1069850624,7757501,127824487,84.6,,,,
2024-09-13 13:50:10.831770,5.3,85.7,596834329,418211544,7041908736,1173151744,7804759,129475835,84.6,,,,
2024-09-13 13:50:27.555668,4.5,85.9,596902947,418251606,7057461248,1157599232,7812728,129494918,84.6,,,,
2024-09-13 13:50:43.290836,3.6,86.5,597020949,418318149,7104483328,1110577152,7814648,129495962,84.6,,,,
2024-09-13 13:50:59.027174,6.4,82.8,597172780,418405575,6803226624,1411833856,7820411,129498776,84.6,,,,
2024-09-13 13:51:15.729215,2.7,82.4,597223651,418435040,6765858816,1449201664,7820620,129499348,84.6,,,,
2024-09-13 13:51:31.451710,4.8,83.0,597317027,418488146,6816702464,1398358016,7825787,129506240,84.6,,,,
2024-09-13 13:51:47.146216,10.7,86.2,597615455,418686763,7084912640,1130147840,7901517,129627658,84.6,,,,
2024-09-13 13:52:03.422886,14.3,91.2,598016489,418950265,7488954368,726106112,8172890,131088691,84.6,,,,
2024-09-13 13:52:19.226317,21.6,93.5,598403958,419206626,7679627264,535433216,8700951,131569751,84.6,,,,
2024-09-13 13:52:34.975995,8.8,92.0,598621288,419333343,7559749632,655310848,8709581,131771590,84.6,,,,
2024-09-13 13:52:50.961630,9.5,92.5,598892934,419492755,7599460352,615600128,8757305,131784142,84.6,,,,
2024-09-13 13:53:07.743792,9.0,93.6,599191282,419659689,7689740288,525320192,8851368,131834608,84.6,,,,
2024-09-13 13:53:23.464880,8.7,94.2,599469615,419834841,7735414784,479645696,8948092,134466830,84.6,,,,
2024-09-13 13:53:39.195931,12.5,92.5,599822752,420051411,7602196480,612864000,9100232,137838027,84.6,,,,
2024-09-13 13:53:54.979265,8.3,86.2,600023337,420171406,7079825408,1135235072,9154859,138487108,84.6,,,,
2024-09-13 13:54:11.710274,10.0,82.6,600375408,420384416,6782111744,1432948736,9231657,141570365,84.6,,,,
2024-09-13 13:54:27.469676,4.7,79.4,600431506,420418047,6523879424,1691181056,9231982,141570743,84.6,,,,
2024-09-13 13:54:43.209024,5.1,79.4,600477019,420446126,6526017536,1689042944,9232187,141571005,84.6,,,,
2024-09-13 13:54:58.939591,5.3,80.2,600562675,420498317,6589124608,1625935872,9249277,141632247,84.6,,,,
2024-09-13 13:55:15.687246,5.5,80.2,600614516,420529405,6591307776,1623752704,9249552,141633117,84.6,,,,
2024-09-13 13:55:31.461062,4.8,80.1,600665748,420560077,6580903936,1634156544,9249722,141633635,84.6,,,,
2024-09-13 13:55:47.177796,5.6,80.4,600736089,420600564,6607945728,1607114752,9249776,141634189,84.6,,,,
2024-09-13 13:56:02.956366,5.0,80.1,600805616,420639796,6583422976,1631637504,9250434,141635035,84.6,,,,
2024-09-13 13:56:19.694422,5.2,80.1,600863992,420671026,6578008064,1637052416,9251376,141650831,84.6,,,,
2024-09-13 13:56:35.419504,3.9,80.1,600908301,420693705,6582763520,1632296960,9251431,141650897,84.6,,,,
2024-09-13 13:56:51.174471,4.7,80.0,600959263,420721160,6570377216,1644683264,9254518,141654470,84.6,,,,
2024-09-13 13:57:07.865484,5.2,80.9,601036250,420763998,6646910976,1568149504,9254839,141654678,84.6,,,,
2024-09-13 13:57:24.603597,5.3,80.3,601087594,420806710,6599766016,1615294464,9255775,141655622,84.6,,,,
2024-09-13 13:57:40.325366,4.6,80.3,601137419,420836333,6600708096,1614352384,9256175,141657327,84.6,,,,
2024-09-13 13:57:56.090406,5.0,80.3,601183763,420864457,6600495104,1614565376,9256529,141660067,84.6,,,,
2024-09-13 13:58:12.818058,5.5,79.9,601263784,420910657,6561366016,1653694464,9258497,141664347,84.6,,,,
2024-09-13 13:58:29.529457,5.3,79.9,601318802,420943390,6560104448,1654956032,9258837,141665432,84.6,,,,
2024-09-13 13:58:45.289638,4.9,79.3,601403745,420992344,6515286016,1699774464,9259175,141666381,84.6,,,,
2024-09-13 13:59:01.041318,5.3,78.8,601482901,421037892,6472052736,1743007744,9261226,141667805,84.6,,,,
2024-09-13 13:59:17.788813,4.5,78.6,601537295,421070170,6460350464,1754710016,9267283,141682787,84.6,,,,
2024-09-13 13:59:33.521821,13.5,82.3,601814768,421263588,6764896256,1450164224,9375710,141916416,84.6,,,,
2024-09-13 13:59:49.254468,10.5,83.6,602072838,421420216,6871003136,1344057344,9601424,142639754,84.6,,,,
2024-09-13 14:00:04.995371,5.1,83.5,602161204,421473719,6861897728,1353162752,9605648,142651064,84.5,,,,
2024-09-13 14:00:21.757507,6.6,84.1,602236538,421521865,6910251008,1304809472,9610180,142660701,84.5,,,,
2024-09-13 14:00:37.514490,10.5,84.8,602370296,421610133,6963216384,1251844096,9708451,142762044,84.5,,,,
2024-09-13 14:00:53.252902,14.3,85.3,602611336,421777390,7004205056,1210855424,9737558,142992492,84.5,,,,
2024-09-13 14:01:08.967892,8.2,85.5,602786832,421881480,7024181248,1190879232,9752981,143016880,84.5,,,,
2024-09-13 14:01:25.665780,6.0,88.5,602945748,421974194,7268462592,946597888,9755978,143026627,84.5,,,,
2024-09-13 14:01:41.407871,16.9,91.0,603323539,422216054,7477993472,737067008,10208261,143740087,84.5,,,,
2024-09-13 14:01:57.157461,8.6,86.9,603634089,422397775,7142633472,1072427008,10333480,143770938,84.5,,,,
2024-09-13 14:02:13.866745,5.5,84.5,603799469,422494155,6943387648,1271672832,10339874,143779473,84.5,,,,
2024-09-13 14:02:30.827079,25.9,84.1,604164911,422696656,6911946752,1303113728,10360142,143787105,84.5,,,,
2024-09-13 14:02:46.524793,5.1,84.5,604242148,422743214,6942146560,1272913920,10360990,143789093,84.5,,,,
2024-09-13 14:03:02.263555,4.7,84.1,604292755,422770941,6905122816,1309937664,10362043,143789438,84.5,,,,
2024-09-13 14:03:18.019485,4.2,83.8,604346263,422798242,6882308096,1332752384,10362206,143789822,84.5,,,,
2024-09-13 14:03:34.772013,4.5,84.1,604423552,422840374,6905761792,1309298688,10366745,143793488,84.5,,,,
2024-09-13 14:03:50.501495,5.2,82.6,604525468,422894733,6784462848,1430597632,10366800,143793824,84.5,,,,
2024-09-13 14:04:06.218445,5.1,82.5,604576234,422921811,6776934400,1438126080,10371095,143803016,84.5,,,,
2024-09-13 14:04:21.958473,3.7,82.4,604624380,422948225,6772789248,1442271232,10377413,143811133,84.5,,,,
2024-09-13 14:04:38.719831,5.3,82.5,604692658,422987128,6776545280,1438515200,10392216,143838148,84.5,,,,
2024-09-13 14:04:54.447080,3.8,82.6,604763858,423023861,6782803968,1432256512,10401144,143840312,84.5,,,,
2024-09-13 14:05:10.155941,8.1,84.8,604902013,423116749,6969888768,1245171712,10442584,144044661,84.5,,,,
2024-09-13 14:05:26.856313,5.4,85.5,605006796,423175143,7021084672,1193975808,10458911,144051092,84.5,,,,
2024-09-13 14:05:43.583047,7.5,84.5,605125234,423241656,6943625216,1271435264,10459984,144052602,84.5,,,,
2024-09-13 14:05:59.278352,7.5,84.9,605305399,423347311,6975492096,1239568384,10479612,144068549,84.5,,,,
2024-09-13 14:08:23.798395,42.4,87.2,607287048,424494270,7165771776,1049288704,10694051,144377769,84.6,,,,
2024-09-13 14:08:39.520420,5.2,84.0,607386252,424553457,6899859456,1315201024,10710232,144402291,84.5,,,,
2024-09-13 14:08:55.242959,7.0,85.8,607620157,424716716,7047282688,1167777792,10761617,144417507,84.5,,,,
2024-09-13 14:09:10.930961,14.8,94.3,608125814,425056775,7749296128,465764352,11362861,144835506,84.5,,,,
2024-09-13 14:09:27.649364,5.2,95.3,608489506,425330584,7829782528,385277952,11441842,145004176,84.5,,,,
2024-09-13 14:09:43.339269,5.9,93.9,609017657,425710082,7714459648,500600832,11550250,145287430,84.5,,,,
2024-09-13 14:09:59.072787,6.9,92.4,609534530,426093441,7593795584,621264896,11574709,145366240,84.5,,,,
2024-09-13 14:10:15.790999,5.6,91.3,610062414,426482518,7503253504,711806976,11642548,145457020,84.6,,,,
2024-09-13 14:10:31.390179,5.5,92.1,610602624,426891022,7568637952,646422528,11650733,145469574,84.6,,,,
2024-09-13 14:10:46.972301,7.1,91.8,610917650,427139800,7542251520,672808960,11654941,145481973,84.6,,,,
2024-09-13 14:11:03.635977,7.8,92.7,611332363,427445432,7611387904,603672576,11674245,145510847,84.6,,,,
2024-09-13 14:11:19.274648,7.0,93.0,611735614,427743922,7642349568,572710912,11674692,145512097,84.6,,,,
2024-09-13 14:11:34.940689,8.8,94.6,612197940,428078801,7772708864,442351616,11748942,145914955,84.6,,,,
2024-09-13 14:11:51.636467,11.4,93.8,612748293,428474960,7702659072,512401408,11841505,147543694,84.6,,,,
2024-09-13 14:12:07.314210,9.7,94.2,613177691,428786221,7737511936,477548544,11885182,147591133,84.6,,,,
2024-09-13 14:12:22.973412,7.4,94.4,613566631,429071471,7756107776,458952704,11893025,147605167,84.6,,,,
2024-09-13 14:12:39.653414,8.9,94.3,613966876,429370602,7746760704,468299776,11920322,147643699,84.6,,,,
2024-09-13 14:12:55.359859,5.7,94.0,614249378,429589986,7726149632,488910848,11963470,147669432,84.6,,,,
2024-09-13 14:13:11.024738,8.7,94.7,614662728,429889298,7778082816,436977664,12029149,149670434,84.6,,,,
2024-09-13 14:13:27.703624,10.2,93.6,615068189,430181336,7689224192,525836288,12082928,150169899,84.6,,,,
2024-09-13 14:13:43.371495,12.8,94.6,615567337,430530101,7771234304,443826176,12125024,150214407,84.6,,,,
2024-09-13 14:13:59.011245,9.4,91.1,616013511,430857868,7480270848,734789632,12134731,150231771,84.6,,,,
2024-09-13 14:14:15.719890,9.4,90.4,616519735,431229602,7427158016,787902464,12203007,150290081,84.6,,,,
2024-09-13 14:14:31.444857,9.3,92.3,616933497,431535395,7579512832,635547648,12261808,152508459,84.6,,,,
2024-09-13 14:14:47.136828,9.2,90.2,617439831,431902688,7407083520,807976960,12301284,152547909,84.7,,,,
2024-09-13 14:15:02.904376,10.7,91.9,617977406,432287631,7551459328,663601152,12378026,154289389,84.7,,,,
2024-09-13 14:15:19.682872,9.6,89.2,618465798,432642535,7330938880,884121600,12418790,154497491,84.6,,,,
2024-09-13 14:15:35.367337,10.8,89.4,618897784,432942707,7340507136,874553344,12444724,154540256,84.6,,,,
2024-09-13 14:15:51.054811,6.7,90.2,619224322,433190728,7410130944,804929536,12519574,155039208,84.6,,,,
2024-09-13 14:16:07.788777,12.3,88.8,619731305,433543175,7295496192,919564288,12587028,156029064,84.6,,,,
2024-09-13 14:16:23.446504,7.8,89.7,620139002,433838132,7370182656,844877824,12601868,156045555,84.6,,,,
2024-09-13 14:16:39.122139,6.3,89.5,620493343,434114012,7353896960,861163520,12602344,156046637,84.6,,,,
2024-09-13 14:16:55.812223,6.3,90.3,620870521,434412613,7419187200,795873280,12611404,156056730,84.6,,,,
2024-09-13 14:17:11.473678,7.9,92.3,621280330,434714183,7585378304,629682176,12633638,156078491,84.6,,,,
2024-09-13 14:17:27.151235,8.5,92.3,621732703,435032931,7583707136,631353344,12660033,156113849,84.6,,,,
2024-09-13 14:17:42.995757,40.0,94.3,622548648,435544863,7745499136,469561344,12666373,156130924,84.6,,,,
2024-09-13 14:17:59.730451,11.5,92.8,622982438,435801919,7625277440,589783040,12675017,156143025,84.6,,,,
2024-09-13 14:18:15.425057,13.1,93.8,623530353,436073917,7702286336,512774144,12899154,157840232,84.6,,,,
2024-09-13 14:18:31.106533,9.6,91.5,624101182,436401298,7516815360,698245120,13072196,163629067,84.6,,,,
2024-09-13 14:18:47.818291,9.4,87.5,624538548,436669735,7185666048,1029394432,13112574,163638349,84.6,,,,
2024-09-13 14:19:03.509813,8.0,85.7,625001706,436970190,7043944448,1171116032,13153111,163694834,84.6,,,,
2024-09-13 14:19:19.192211,10.1,85.4,625474532,437280568,7019421696,1195638784,13412118,165726474,84.6,,,,
2024-09-13 14:19:35.866,7.3,84.5,625997612,437647858,6941257728,1273802752,13604174,175641904,84.6,,,,
2024-09-13 14:19:52.607274,7.1,85.7,626439252,437969810,7036416000,1178644480,13675093,177559448,84.6,,,,
2024-09-13 14:20:08.306842,5.7,85.4,626789333,438222945,7017287680,1197772800,13717237,177577463,84.6,,,,
2024-09-13 14:20:24.015643,5.1,86.7,627129083,438472903,7126044672,1089015808,13721512,177585073,84.6,,,,
2024-09-13 14:20:40.707259,4.0,85.4,627500923,438749204,7016538112,1198522368,13734083,177597716,84.6,,,,
2024-09-13 14:20:56.390384,4.9,86.8,627825355,438990599,7134523392,1080537088,13845278,178375737,84.6,,,,
2024-09-13 14:21:12.099004,6.2,89.0,628262294,439289837,7314190336,900870144,13947010,181707651,84.6,,,,
2024-09-13 14:21:28.832638,5.2,83.5,628709552,439588593,6856826880,1358233600,14006134,181738820,84.6,,,,
2024-09-13 14:21:44.530599,4.2,83.4,629018943,439813333,6854782976,1360277504,14015191,181746317,84.6,,,,
2024-09-13 14:22:00.214464,2.9,83.7,629346959,440059245,6876581888,1338478592,14033210,181763108,84.6,,,,
2024-09-13 14:22:15.909105,4.9,83.5,629743968,440336878,6857220096,1357840384,14146154,183547400,84.6,,,,
2024-09-13 14:22:32.622278,5.4,84.4,630176503,440654262,6935703552,1279356928,14236503,185928664,84.6,,,,
2024-09-13 14:22:48.329021,3.4,84.3,630504459,440896379,6926663680,1288396800,14237018,185929952,84.6,,,,
2024-09-13 14:23:04.037413,2.4,84.2,630792353,441106465,6920957952,1294102528,14243572,185938005,84.6,,,,
2024-09-13 14:23:20.733005,4.0,87.3,631154888,441365300,7168188416,1046872064,14271008,185966108,84.6,,,,
2024-09-13 14:23:36.391635,6.2,88.4,631567941,441643759,7264026624,951033856,14290578,185984076,84.7,,,,
2024-09-13 14:23:52.074540,7.3,85.3,632093260,442011353,7005790208,1209270272,14370858,186723541,84.7,,,,
2024-09-13 14:24:08.834952,4.9,84.7,632507364,442303141,6958632960,1256427520,14429250,187813270,84.6,,,,
2024-09-13 14:24:24.547932,4.8,81.2,632884531,442565322,6672326656,1542733824,14456503,187842831,84.6,,,,
2024-09-13 14:24:40.267490,2.2,81.3,633187947,442797574,6681001984,1534058496,14458397,187844741,84.6,,,,
2024-09-13 14:24:55.947892,2.8,81.5,633474207,443015592,6695165952,1519894528,14463505,187847895,84.6,,,,
2024-09-13 14:25:12.662770,2.1,81.6,633838427,443292051,6704709632,1510350848,14471634,187857354,84.6,,,,
2024-09-13 14:25:28.370623,2.8,81.6,634138456,443516249,6703595520,1511464960,14483429,187871573,84.6,,,,
2024-09-13 14:25:44.067850,2.6,81.8,634460698,443767362,6716657664,1498402816,14497260,187881050,84.6,,,,
2024-09-13 14:26:00.762663,3.1,80.6,634832342,444040027,6618320896,1596739584,14504906,187882944,84.6,,,,
2024-09-13 14:26:16.478939,3.4,81.3,635231187,444321186,6679130112,1535930368,14509302,187886001,84.6,,,,
2024-09-13 14:26:32.151183,3.6,83.5,635673098,444643458,6858928128,1356132352,14527237,187911945,84.6,,,,
2024-09-13 14:26:48.838212,9.0,86.9,636120292,444956291,7142866944,1072193536,14644996,189386371,84.6,,,,
2024-09-13 14:27:04.496761,3.2,84.3,636485677,445201998,6925836288,1289224192,14739505,190967858,84.6,,,,
2024-09-13 14:27:20.171420,4.3,85.1,636912559,445515274,6989066240,1225994240,14811753,191863252,84.6,,,,
2024-09-13 14:27:36.858133,6.5,85.6,637458484,445895873,7031746560,1183313920,17267167,193871900,84.6,,,,
2024-09-13 14:27:52.547737,2.0,84.7,637714421,446106783,6957400064,1257660416,22573448,193954086,84.7,,,,
2024-09-13 14:28:08.213364,4.4,89.5,638131519,446402960,7351132160,863928320,29761115,194084277,84.7,,,,
2024-09-13 14:28:24.884848,5.6,89.8,638530592,446692126,7375118336,839942144,37760293,194280249,84.7,,,,
2024-09-13 14:28:41.581124,7.0,93.1,638954339,446984204,7648718848,566341632,43802496,202807367,84.7,,,,
2024-09-13 14:28:57.252296,7.9,86.8,639412994,447300394,7128330240,1086730240,48179820,202930793,84.7,,,,
2024-09-13 14:29:12.956650,5.1,86.0,639776156,447555367,7066722304,1148338176,54628588,203800253,84.7,,,,
2024-09-13 14:29:29.676111,8.5,86.4,640274315,447878513,7097831424,1117229056,54788950,206150808,84.7,,,,
2024-09-13 14:29:45.338970,4.8,88.0,640571890,448093418,7227310080,987750400,54944595,206832432,84.7,,,,
2024-09-13 14:30:01.032355,4.5,90.1,640864097,448300913,7400419328,814641152,55099379,212516265,84.7,,,,
2024-09-13 14:30:17.757431,5.0,85.5,641175597,448524276,7027036160,1188024320,55137218,212557325,84.7,,,,
2024-09-13 14:30:33.449825,5.0,87.2,641452443,448728995,7161163776,1053896704,55211031,213628645,84.7,,,,
2024-09-13 14:30:49.174843,4.1,88.3,641716225,448929518,7251628032,963432448,55284699,214002445,84.7,,,,
2024-09-13 14:31:06.014602,9.4,91.3,642104001,449200816,7502958592,712101888,55364884,215866465,84.7,,,,
2024-09-13 14:31:22.814468,17.6,89.3,642544983,449464300,7338594304,876466176,55494306,216055166,84.7,,,,
2024-09-13 14:31:39.524317,10.2,90.4,642805632,449625346,7430123520,784936960,55590390,216966520,84.7,,,,
2024-09-13 14:31:55.269375,10.9,92.6,643138327,449822070,7604350976,610709504,55668940,218524691,84.7,,,,
2024-09-13 14:32:11.014817,10.3,89.6,643482322,450036038,7359889408,855171072,55701365,218555919,84.7,,,,
2024-09-13 14:32:27.691927,5.8,93.2,643855479,450295724,7658102784,556957696,55893701,221777033,84.7,,,,
2024-09-13 14:32:43.389978,13.9,94.4,644313138,450593448,7751401472,463659008,56036619,225457909,84.7,,,,
2024-09-13 14:32:59.670854,46.0,88.2,645021638,451012354,7247331328,967729152,56086276,225916608,84.7,,,,
2024-09-13 14:33:16.569478,7.3,90.4,645447453,451291226,7426682880,788377600,56155589,226147793,84.7,,,,
2024-09-13 14:33:32.258932,34.6,91.7,645888785,451574034,7534243840,680816640,56194730,226184839,84.7,,,,
2024-09-13 14:33:48.006658,26.3,93.7,646200550,451776073,7695568896,519491584,56252690,226405671,84.7,,,,
2024-09-13 14:34:04.714648,17.2,91.8,646661301,452041042,7539466240,675594240,56309311,228141832,84.7,,,,
2024-09-13 15:44:39.951720,5.6,85.5,745207119,520626063,7025881088,1189179392,79453032,523857746,83.4,,,,
2024-09-13 15:44:56.820679,7.2,87.9,745582359,520892265,7219146752,995913728,79462134,523859106,83.4,,,,
2024-09-13 15:45:12.440537,4.8,86.5,745843130,521098771,7108386816,1106673664,79467224,523868656,83.4,,,,
2024-09-13 15:45:28.044495,6.8,86.1,746103237,521316382,7075635200,1139425280,79468696,523869408,83.4,,,,
2024-09-13 15:45:44.674480,6.5,87.4,746338217,521498223,7180902400,1034158080,79477122,523879223,83.4,,,,
2024-09-13 15:46:00.341200,8.2,88.2,746528495,521612463,7242727424,972333056,79496701,523902758,83.4,,,,
2024-09-13 15:46:16.025787,13.7,89.3,746937587,521900499,7335243776,879816704,79530339,523925455,83.4,,,,
2024-09-13 15:46:32.784711,10.5,92.1,747255786,522107155,7562125312,652935168,79537907,523943531,83.4,,,,
2024-09-13 15:46:48.520903,7.9,88.0,747435308,522213174,7232802816,982257664,79544534,523952280,83.4,,,,
2024-09-13 15:47:04.256114,8.1,88.3,747639920,522331116,7254814720,960245760,79560040,523968338,83.4,,,,
2024-09-13 15:47:19.953400,6.9,87.9,747823859,522433464,7219212288,995848192,79568060,523971678,83.4,,,,
2024-09-13 15:47:36.671168,10.6,92.5,748183764,522640744,7596339200,618721280,79642064,524059674,83.4,,,,
2024-09-13 15:47:52.398671,12.3,91.6,748464407,522811741,7529062400,685998080,79757347,524333693,83.4,,,,
2024-09-13 15:48:08.107221,11.7,90.0,748695559,522948787,7397515264,817545216,79791917,524363103,83.4,,,,
2024-09-13 15:48:24.875859,11.8,91.1,748940222,523097303,7485972480,729088000,79812183,524389499,83.4,,,,
2024-09-13 15:48:41.810339,7.1,92.3,749170970,523238408,7583113216,631947264,79827644,524406106,83.4,,,,
2024-09-13 15:48:57.547609,23.0,93.5,749613700,523508794,7684542464,530518016,79850902,524445877,83.4,,,,
2024-09-13 15:49:13.408783,46.7,85.3,750145166,523843907,7008931840,1206128640,79903243,524512074,83.4,,,,
2024-09-13 15:49:29.205760,12.5,84.7,750416961,524003029,6955122688,1259937792,79921106,524514630,83.4,,,,
2024-09-13 15:49:45.902834,8.1,84.7,750667504,524150098,6956371968,1258688512,79935721,524518965,83.4,,,,
2024-09-13 15:50:02.621155,9.8,86.2,750867517,524271243,7079026688,1136033792,79952680,524530629,83.4,,,,
2024-09-13 15:50:18.346436,11.2,85.3,751077513,524397541,7007096832,1207963648,79967998,524540136,83.4,,,,
2024-09-13 15:50:34.082004,8.5,85.5,751267755,524510862,7023181824,1191878656,80032945,524568667,83.4,,,,
2024-09-13 15:50:50.818421,14.2,86.5,751682869,524768157,7102427136,1112633344,80116164,526965315,83.4,,,,
2024-09-13 15:51:06.512476,15.8,87.7,752055637,525000246,7207587840,1007472640,80226005,529134710,83.4,,,,
2024-09-13 15:51:22.217250,15.0,90.0,752327985,525166451,7396450304,818610176,80255297,529165441,83.4,,,,
2024-09-13 15:51:37.985580,12.7,88.4,752606247,525330820,7259254784,955805696,80274355,529182107,83.4,,,,
2024-09-13 15:51:54.720962,7.4,87.7,752846250,525468644,7206117376,1008943104,80277164,529183248,83.4,,,,
2024-09-13 15:52:10.368381,8.9,87.7,753128434,525631847,7204298752,1010761728,80310343,529231256,83.4,,,,
2024-09-13 15:52:26.087210,5.8,87.6,753334720,525750299,7199264768,1015795712,80340644,529265047,83.4,,,,
2024-09-13 15:52:42.824144,9.0,87.7,753542107,525867459,7205179392,1009881088,80404068,529380536,83.4,,,,
2024-09-13 15:52:59.598712,14.2,88.5,753836931,526043056,7273390080,941670400,80474774,529978743,83.4,,,,
2024-09-13 15:53:15.309637,10.9,87.4,754017771,526143398,7182184448,1032876032,80492658,530003892,83.4,,,,
2024-09-13 15:53:31.021098,10.2,87.3,754253121,526284758,7175036928,1040023552,80568004,531221092,83.4,,,,
2024-09-13 15:53:47.747187,14.2,87.1,754643691,526514458,7154106368,1060954112,80624965,531641418,83.4,,,,
2024-09-13 15:54:03.419936,9.9,89.9,754899181,526659626,7382446080,832614400,80649228,531664306,83.4,,,,
2024-09-13 15:54:19.195737,8.4,87.4,755024801,526730583,7176622080,1038438400,80697728,531711599,83.4,,,,
2024-09-13 15:54:34.939936,14.1,88.3,755292419,526891565,7252758528,962301952,80739430,533599329,83.4,,,,
2024-09-13 15:54:51.705921,16.8,87.2,755566922,527054512,7163629568,1051430912,80795106,533635298,83.4,,,,
2024-09-13 15:55:07.408247,6.2,86.3,755755360,527162510,7092498432,1122562048,80796052,533637056,83.4,,,,
2024-09-13 15:55:23.148151,5.7,86.3,755835224,527209518,7087259648,1127800832,80796358,533637494,83.4,,,,
2024-09-13 15:55:39.881672,13.8,89.4,756115945,527374661,7342632960,872427520,80829558,533661558,83.4,,,,
2024-09-13 15:55:56.588541,6.7,89.2,756271193,527464205,7331115008,883945472,80876581,533686396,83.4,,,,
2024-09-13 15:56:12.331756,10.2,89.3,756493644,527600289,7338954752,876105728,80928136,535654461,83.4,,,,
2024-09-13 15:56:28.101129,19.4,89.1,756741609,527752538,7322148864,892911616,80979119,535679769,83.4,,,,
2024-09-13 15:56:44.814225,6.6,88.6,756936196,527868501,7282012160,933048320,80988221,535685660,83.4,,,,
2024-09-13 15:57:00.570655,8.9,87.7,757240692,528054930,7204892672,1010167808,81020390,535708458,83.4,,,,
2024-09-13 15:57:16.301253,9.8,88.9,757426080,528162504,7300030464,915030016,81040859,535726850,83.4,,,,
2024-09-13 15:57:32.023089,14.1,92.6,757638934,528294261,7610531840,604528640,81080568,535743313,83.4,,,,
2024-09-13 15:57:48.783127,6.6,91.7,757744763,528357649,7534473216,680587264,81088369,535754070,83.4,,,,
2024-09-13 15:58:04.502908,6.4,92.3,757934319,528467278,7579901952,635158528,81089006,535754646,83.4,,,,
2024-09-13 15:58:20.251251,6.1,92.1,758035797,528525289,7563784192,651276288,81102734,535773758,83.4,,,,
2024-09-13 15:58:35.989376,8.5,90.2,758183592,528605180,7413293056,801767424,81112930,535790676,83.4,,,,
2024-09-13 15:58:52.726273,10.8,90.9,758347601,528702315,7467376640,747683840,81166925,536142554,83.4,,,,
2024-09-13 15:59:08.448039,16.1,88.2,758634021,528877134,7242129408,972931072,81236143,538998915,83.4,,,,
2024-09-13 15:59:24.448823,12.7,86.3,758731073,528940442,7091666944,1123393536,81284139,539692828,83.4,,,,
2024-09-13 15:59:40.198127,7.6,84.0,758884399,529048395,6898561024,1316499456,81370303,539809409,83.4,,,,
2024-09-13 15:59:55.899668,6.3,84.4,758957557,529092964,6933004288,1282056192,81379787,539829902,83.4,,,,
2024-09-13 16:00:12.644892,4.5,84.2,759011402,529125100,6915567616,1299492864,81379951,539830132,83.4,,,,
2024-09-13 16:00:28.403212,7.2,84.6,759076391,529163807,6948077568,1266982912,81385793,539841241,83.4,,,,
2024-09-13 16:00:44.135882,4.8,84.6,759128896,529195196,6948012032,1267048448,81386321,539842559,83.4,,,,
2024-09-13 16:01:00.901227,5.6,84.8,759214989,529244963,6969569280,1245491200,81388083,539843990,83.4,,,,
2024-09-13 16:01:17.669061,5.0,85.5,759301094,529295203,7025790976,1189269504,81391486,539853013,83.4,,,,
2024-09-13 16:01:33.425583,5.3,85.4,759403921,529357161,7011807232,1203253248,81393240,539854866,83.4,,,,
2024-09-13 16:01:49.139809,4.9,85.6,759488808,529408713,7029321728,1185738752,81393880,539855372,83.4,,,,
2024-09-13 16:02:04.913289,7.8,86.3,759623670,529490643,7087529984,1127530496,81411122,539885187,83.4,,,,
2024-09-13 16:02:21.674326,8.1,86.1,759777714,529581646,7077269504,1137790976,81416762,539887796,83.4,,,,
2024-09-13 16:02:37.998952,8.4,84.2,759961514,529693087,6915862528,1299197952,81456491,539913392,83.4,,,,
2024-09-13 16:02:54.736374,6.6,85.5,760157480,529808783,7023509504,1191550976,81465790,539921470,83.4,,,,
2024-09-13 16:03:10.490600,6.2,85.0,760261476,529870656,6985498624,1229561856,81467198,539923479,83.4,,,,
2024-09-13 16:03:26.224826,5.5,85.5,760383674,529937974,7019839488,1195220992,81469603,539932165,83.4,,,,
2024-09-13 16:03:41.954884,6.3,85.4,760541726,530030517,7018000384,1197060096,81471720,539933904,83.4,,,,
2024-09-13 16:03:58.699422,4.7,85.2,760636403,530086176,7001513984,1213546496,81471885,539934090,83.4,,,,
2024-09-13 16:04:14.468561,7.5,84.7,760745665,530150612,6960713728,1254346752,81473281,539935796,83.4,,,,
2024-09-13 16:04:30.202600,42.1,91.6,761469356,530585936,7525453824,689606656,82145579,544174680,83.4,,,,
2024-09-13 16:05:01.052721,10.9,92.6,761944718,530872285,7607783424,607277056,82477330,544395098,83.4,,,,
2024-09-13 16:05:17.850103,7.6,92.6,762096034,530961228,7610941440,604119040,82484301,544404608,83.4,,,,
2024-09-13 16:05:34.546538,7.5,92.2,762258534,531063307,7573303296,641757184,82494393,544414303,83.4,,,,
2024-09-13 16:05:50.290940,5.3,90.6,762370666,531131730,7446908928,768151552,82500587,544416273,83.4,,,,
2024-09-13 16:06:06.042905,5.9,90.1,762455119,531184088,7402463232,812597248,82501218,544417225,83.4,,,,
2024-09-13 16:06:22.880992,6.5,90.6,762572706,531253424,7443009536,772050944,82508011,544426811,83.4,,,,
2024-09-13 16:06:39.594159,5.8,90.2,762626660,531285784,7412252672,802807808,82508672,544427214,83.4,,,,
2024-09-13 16:06:55.323590,4.9,89.7,762677981,531317999,7372193792,842866688,82515912,544430208,83.4,,,,
2024-09-13 16:07:11.075840,8.2,85.6,762911025,531460399,7034421248,1180639232,82540363,544518630,83.4,,,,
2024-09-13 16:07:27.816710,12.8,93.2,763188061,531651747,7656116224,558944256,82548894,544524997,83.4,,,,
2024-09-13 16:07:44.689052,26.3,91.6,763698743,531982249,7527890944,687169536,83107678,544941312,83.4,,,,
2024-09-13 16:08:00.407258,8.1,90.6,763988426,532152380,7439511552,775548928,85159629,545164256,83.5,,,,
2024-09-13 16:08:16.172851,12.9,92.5,764282247,532331152,7602790400,612270080,92943201,545292993,83.5,,,,
2024-09-13 16:08:31.915558,7.5,89.8,764543457,532485506,7380213760,834846720,97254372,545379228,83.5,,,,
2024-09-13 16:08:48.695129,10.4,93.6,764883606,532695683,7693107200,521953280,118369764,546441718,83.5,,,,
2024-09-13 16:09:04.438433,8.4,94.1,765178250,532876626,7730188288,484872192,131909262,550331495,83.5,,,,
2024-09-13 16:09:20.137888,20.8,88.1,765625771,533222723,7236648960,978411520,142108396,550767702,83.5,,,,
2024-09-13 16:09:35.898959,9.0,91.3,765952168,533431537,7500783616,714276864,148591143,551670888,83.5,,,,
2024-09-13 16:09:52.657311,7.7,90.5,766234359,533603491,7437393920,777666560,148791028,552519319,83.5,,,,
2024-09-13 16:10:08.409927,8.3,92.2,766534565,533782513,7576612864,638447616,148959573,552917666,83.5,,,,
2024-09-13 16:10:24.143249,10.8,91.2,766838550,533962619,7491416064,723644416,149042622,552972101,83.5,,,,
2024-09-13 16:10:40.846324,6.8,88.8,767014919,534061396,7294222336,920838144,149095453,553011204,83.5,,,,
2024-09-13 16:10:57.584135,7.4,88.8,767167781,534145114,7297945600,917114880,149117451,553025330,83.5,,,,
2024-09-13 16:11:13.310968,6.1,89.0,767328588,534231265,7308660736,906399744,149249295,553118658,83.5,,,,
2024-09-13 16:11:29.030829,8.6,89.0,767667643,534438621,7308931072,906129408,149318040,555838450,83.5,,,,
2024-09-13 16:11:45.734321,7.1,89.2,767925431,534593360,7324434432,890626048,149415605,556403279,83.5,,,,
2024-09-13 16:12:01.476853,7.1,90.4,768175000,534734805,7426568192,788492288,149445089,556441496,83.5,,,,
2024-09-13 16:12:17.187690,7.4,90.2,768456378,534898961,7413964800,801095680,149826287,556495961,83.5,,,,
2024-09-13 16:12:32.922898,8.4,90.8,768764124,535085415,7456960512,758099968,150375039,556643240,83.5,,,,
2024-09-13 16:12:49.656421,8.4,89.6,768961295,535202971,7357259776,857800704,150497399,556879567,83.5,,,,
2024-09-13 16:13:05.337122,8.6,91.7,769292489,535391646,7537213440,677847040,150625706,556984312,83.5,,,,
2024-09-13 16:13:21.030267,8.9,89.1,769523449,535533541,7316103168,898957312,150662283,557008930,83.5,,,,
2024-09-13 16:13:37.795324,10.2,88.7,769759792,535663924,7286824960,928235520,150744368,557123504,83.5,,,,
2024-09-13 16:13:53.490737,13.2,90.2,770155716,535943060,7411810304,803250176,150830923,559979841,83.5,,,,
2024-09-13 16:14:09.222446,12.0,88.2,770608875,536225963,7247355904,967704576,150954561,566390990,83.5,,,,
2024-09-13 16:14:24.974943,11.5,84.8,770918585,536414181,6964285440,1250775040,151051590,568260927,83.5,,,,
2024-09-13 16:14:41.731009,5.8,85.9,771136141,536533646,7054557184,1160503296,151075637,568271175,83.5,,,,
2024-09-13 16:14:57.399615,8.3,88.7,771314229,536635259,7284813824,930246656,151119768,568289379,83.5,,,,
2024-09-13 21:20:21.401656,4.5,87.1,851061879,590962451,7157940224,1057120256,18945206,20593076,83.4,,,,
2024-09-13 21:20:37.326878,3.1,87.8,851347060,591183047,7213723648,1001336832,18991522,20661196,83.4,,,,
2024-09-13 21:20:53.046202,8.1,93.8,851666069,591423764,7706275840,508784640,19052102,20732463,83.4,,,,
2024-09-13 21:21:09.783753,4.3,92.3,851952037,591635337,7586344960,628715520,19080047,21060399,83.4,,,,
2024-09-13 21:21:25.504638,5.9,92.4,852209907,591833980,7593451520,621608960,19163106,21247790,83.4,,,,
2024-09-13 21:21:41.200357,3.4,94.2,852412638,592005401,7739314176,475746304,19177061,21269192,83.4,,,,
2024-09-13 21:21:56.930982,9.5,96.8,852764704,592269452,7950499840,264560640,19216792,21345336,83.4,,,,
2024-09-13 21:22:13.693794,3.6,95.6,852991902,592434705,7857500160,357560320,19222705,21385187,83.4,,,,
2024-09-14 06:01:54.816842,12.3,93.9,1396537793,954597742,7716847616,498212864,99460280,465253828,83.6,,,,
2024-09-14 06:02:11.679872,4.7,93.4,1396845815,954802528,7676559360,538501120,99497389,465273056,83.6,,,,
2024-09-14 06:02:27.386105,3.7,93.5,1397136398,954992670,7682109440,532951040,99540745,465545907,83.6,,,,
2024-09-14 06:02:43.086504,6.0,94.7,1397381348,955155591,7779323904,435736576,99640358,466495183,83.6,,,,
2024-09-14 06:02:59.810803,7.3,90.1,1397659759,955343680,7402262528,812797952,99706812,467831507,83.6,,,,
